k,knn_retention,method
5,0.0799797189627698,PCA
10,0.08976531942633638,PCA
15,0.09812641846540152,PCA
30,0.11967260611328408,PCA
50,0.142015065913371,PCA
