k,knn_retention,method
5,0.7103723018977255,tSNE
10,0.6561857163552078,tSNE
15,0.629846926457096,tSNE
30,0.5902868318122555,tSNE
50,0.569197450383891,tSNE
