k,trustworthiness,method
5,0.8619365902303002,PCA
10,0.8602609254230764,PCA
15,0.8589644729120157,PCA
30,0.8565903969005699,PCA
50,0.8546228437075549,PCA
