k,trustworthiness,method
5,0.9990890646539586,tSNE
10,0.9975265553015896,tSNE
15,0.996054311639957,tSNE
30,0.9911000220413864,tSNE
50,0.9846253162855383,tSNE
